{"cameraMode":{"drawMode":0,"name":"Shaded","section":"Shading Mode"},"sceneLighting":false,"audioPlay":false,"sceneViewState":{"showFog":true,"showMaterialUpdate":false,"showSkybox":false,"showFlares":true,"showImageEffects":true,"showParticleSystems":true,"showVisualEffectGraphs":true,"m_FxEnabled":true},"in2DMode":false,"pivot":{"x":0.059288471937179568,"y":0.7944085597991943,"z":0.08707451820373535},"rotation":{"x":-0.14000117778778077,"y":0.4643159508705139,"z":-0.0746016874909401,"w":-0.8713493347167969},"size":1.5278712511062623,"orthographic":false}