{"cameraMode":{"drawMode":0,"name":"Shaded","section":"Shading Mode"},"sceneLighting":false,"audioPlay":false,"sceneViewState":{"showFog":true,"showMaterialUpdate":false,"showSkybox":false,"showFlares":true,"showImageEffects":true,"showParticleSystems":true,"showVisualEffectGraphs":true,"m_FxEnabled":true},"in2DMode":false,"pivot":{"x":0.02265000343322754,"y":0.5816795229911804,"z":-0.17232480645179749},"rotation":{"x":-0.15661805868148805,"y":0.7214979529380798,"z":-0.17336134612560273,"w":-0.6518133878707886},"size":1.031256914138794,"orthographic":false}