{"cameraMode":{"drawMode":0,"name":"Shaded","section":"Shading Mode"},"sceneLighting":false,"audioPlay":false,"sceneViewState":{"showFog":true,"showMaterialUpdate":false,"showSkybox":false,"showFlares":true,"showImageEffects":true,"showParticleSystems":true,"showVisualEffectGraphs":true,"m_FxEnabled":true},"in2DMode":false,"pivot":{"x":-0.17491471767425538,"y":0.6215469241142273,"z":0.04633122682571411},"rotation":{"x":-0.15661805868148805,"y":0.7214979529380798,"z":-0.17336134612560273,"w":-0.6518133878707886},"size":1.465041995048523,"orthographic":false}