{"cameraMode":{"drawMode":0,"name":"Shaded","section":"Shading Mode"},"sceneLighting":false,"audioPlay":false,"sceneViewState":{"showFog":true,"showMaterialUpdate":false,"showSkybox":false,"showFlares":true,"showImageEffects":true,"showParticleSystems":true,"showVisualEffectGraphs":true,"m_FxEnabled":true},"in2DMode":false,"pivot":{"x":0.028732776641845704,"y":3.5816879272460939,"z":-0.11609983444213867},"rotation":{"x":-0.08845952898263931,"y":0.4494103789329529,"z":-0.04477720335125923,"w":-0.8878090381622315},"size":4.946568489074707,"orthographic":false}