{"cameraMode":{"drawMode":0,"name":"Shaded","section":"Shading Mode"},"sceneLighting":false,"audioPlay":false,"sceneViewState":{"showFog":true,"showMaterialUpdate":false,"showSkybox":false,"showFlares":true,"showImageEffects":true,"showParticleSystems":true,"showVisualEffectGraphs":true,"m_FxEnabled":true},"in2DMode":false,"pivot":{"x":0.12313061952590943,"y":0.4866500496864319,"z":0.05101659893989563},"rotation":{"x":-0.08845952898263931,"y":0.4494103789329529,"z":-0.04477720335125923,"w":-0.8878090381622315},"size":1.4256370067596436,"orthographic":false}