{"cameraMode":{"drawMode":0,"name":"Shaded","section":"Shading Mode"},"sceneLighting":false,"audioPlay":false,"sceneViewState":{"showFog":true,"showMaterialUpdate":false,"showSkybox":false,"showFlares":true,"showImageEffects":true,"showParticleSystems":true,"showVisualEffectGraphs":true,"m_FxEnabled":true},"in2DMode":false,"pivot":{"x":0.19113969802856446,"y":1.0530474185943604,"z":1.0522571802139283},"rotation":{"x":-0.14000117778778077,"y":0.4643159508705139,"z":-0.0746016874909401,"w":-0.8713493347167969},"size":0.8302884697914124,"orthographic":false}