{"cameraMode":{"drawMode":0,"name":"Shaded","section":"Shading Mode"},"sceneLighting":false,"audioPlay":false,"sceneViewState":{"showFog":true,"showMaterialUpdate":false,"showSkybox":false,"showFlares":true,"showImageEffects":true,"showParticleSystems":true,"showVisualEffectGraphs":true,"m_FxEnabled":true},"in2DMode":false,"pivot":{"x":-0.008793354034423828,"y":0.42017796635627749,"z":-0.3842693269252777},"rotation":{"x":-0.08845952898263931,"y":0.4494103789329529,"z":-0.04477720335125923,"w":-0.8878090381622315},"size":0.6376256346702576,"orthographic":false}