{"cameraMode":{"drawMode":0,"name":"Shaded","section":"Shading Mode"},"sceneLighting":false,"audioPlay":false,"sceneViewState":{"showFog":true,"showMaterialUpdate":false,"showSkybox":false,"showFlares":true,"showImageEffects":true,"showParticleSystems":true,"showVisualEffectGraphs":true,"m_FxEnabled":true},"in2DMode":false,"pivot":{"x":-0.05895853042602539,"y":0.9950540065765381,"z":1.1047248840332032},"rotation":{"x":-0.18858063220977784,"y":0.42452946305274966,"z":-0.09088361263275147,"w":-0.8808832764625549},"size":3.5995283126831056,"orthographic":true}